benchmark,LR, RN, RR, MLP, SMOreg, Ibk, LWL, DT, M5P, RT
bitcount, 5.904514913803944, 11.216551058397968, 5.000434874576616, 3.976385600853869, 5.192433634848046, 6.418637749180997, 8.412385533276478, 2.1518638551330325, 2.2836594328602833, 2.70784160403931
cjpeg, 4.12861487513573, 6.875152449152442, 2.872449600115578, 1.8155423687039807, 4.007874530650194, 3.6116744416909006, 2.5396861614191955, 1.0957235346887044, 1.1674666159880407, 1.4088474273481453
crc32, 13.95165859540157, 21.71175209270653, 6.3867429532593984, 3.6471958561014866, 13.115435194834443, 8.874296489383037, 6.244437574615126, 2.3994217939841316, 1.738109948373137, 1.5231174065910067
FFT, 10.82568334150491, 18.58094049949536, 5.35365508149147, 1.2928384682938927, 10.391249793626619, 6.77664437920468, 4.538293389315264, 0.9669469034700148, 0.9322560199000858, 1.6680571362021706
gsmdec, 16.221052043576826, 22.29679729378812, 8.407113220232434, 4.910093461157736, 12.609654332539804, 11.913199431808353, 11.737894688960541, 3.4134059786183, 3.1604245658675763, 3.9492603888577458
sha, 6.718431657759387, 8.421655111023126, 4.45312502745484, 2.2477305370829526, 5.335265017575623, 4.72048755790483, 6.11293379525963, 0.887032495841681, 1.4760633225370376, 1.1478653779755292